{
  "id": "07c78e28-b765-4204-a60a-68f3cd660e30",
  "name": "Animal",
  "isOverridable": true,
  "entries": [
    {
      "value": "dog",
      "synonyms": [
        "dog",
        "puppy",
        "dogs"
      ]
    },
    {
      "value": "cat",
      "synonyms": [
        "cat",
        "kitten",
        "cats"
      ]
    },
    {
      "value": "lion",
      "synonyms": [
        "lion",
        "lions"
      ]
    },
    {
      "value": "tiger",
      "synonyms": [
        "tiger",
        "tigers",
        "puma"
      ]
    },
    {
      "value": "giraffe",
      "synonyms": [
        "giraffe",
        "giraffes"
      ]
    },
    {
      "value": "deer",
      "synonyms": [
        "deer"
      ]
    },
    {
      "value": "dinosaur",
      "synonyms": [
        "dinosaur",
        "dino"
      ]
    },
    {
      "value": "Elephant",
      "synonyms": [
        "Elephant"
      ]
    },
    {
      "value": "fish",
      "synonyms": [
        "fish"
      ]
    },
    {
      "value": "duck",
      "synonyms": [
        "duck"
      ]
    },
    {
      "value": "chicken",
      "synonyms": [
        "chicken",
        "hen"
      ]
    },
    {
      "value": "frog",
      "synonyms": [
        "frog",
        "toad"
      ]
    },
    {
      "value": "horse",
      "synonyms": [
        "horse"
      ]
    },
    {
      "value": "Monkey",
      "synonyms": [
        "Monkey",
        "Gorilla"
      ]
    },
    {
      "value": "owl",
      "synonyms": [
        "owl"
      ]
    },
    {
      "value": "Penguin",
      "synonyms": [
        "Penguin"
      ]
    }
  ],
  "isEnum": false,
  "automatedExpansion": true
}